{
    "loss": 0.5453196515282281,
    "accuracy": 0.762589928057554
}