{
    "loss": 0.741451594898169,
    "accuracy": 0.6618705035971223
}