{
    "loss": 0.5649712686058429,
    "accuracy": 0.5755395683453237
}